col1,col2,output
-38.3666687,113,1
-39.81857204,123.9433687,1
-55.6382398,114.551862,1
-36.37800526,95.61651534,1
-39.3666687,112,1
-42.1458481,100.8496023,1
-23.61082026,123.2738682,1
-57.36908789,121.5720243,1
-39.3666687,112,1
-33.93110451,127.9216753,1
-35.98647887,92.30474928,1
-50.06685994,118.5467214,1
-44.3666687,111,1
-36.86532267,92.08303522,1
-24.53983018,92.65191132,1
-46.7366206,105.1862501,1
-52.3666687,108,1
-33.02160913,103.7728298,1
-56.6778595,111.946402,1
-71.8216542,124.3009381,1
-56.3666687,108,1
-48.28646781,99.43661803,1
-75.44432307,92.93290147,1
-66.62791919,109.8648397,1
-63.3666687,106,1
-63.43878934,114.8811377,1
-60.28403826,102.8736774,1
-70.46235738,116.7348936,1
-68.3666687,104,1
-51.20762054,105.62313,1
-75.04334582,119.0713637,1
-49.85826782,110.8763145,1
-75.3666687,102,1
-67.90961619,100.6630032,1
-73.97686421,102.0962532,1
-61.47345402,105.6976477,1
-81.3666687,99,1
-98.15200846,95.39339067,1
-92.99053071,80.68726331,1
-90.2190733,80.13879927,1
-84.3666687,98,1
-84.99658885,112.0055615,1
-96.74297743,96.3829857,1
-96.02030324,89.93967834,1
-86.3666687,96,1
-69.87020606,101.8692552,1
-103.6170475,91.9838716,1
-69.77058525,99.43688292,1
-87.3666687,95,1
-84.08170105,98.8823114,1
-80.69257217,101.6285284,1
-86.99014312,101.7471427,1
-90.3666687,91,1
-97.82204324,101.3285161,1
-78.4559457,85.50224975,1
-84.07420934,84.56465221,1
-97.3666687,81,1
-114.8887908,79.81263722,1
-85.14492477,75.35306634,1
-116.7457371,81.67955751,1
-104.3666687,70,1
-94.63268089,60.65903062,1
-90.02732005,87.96846721,1
-105.944972,79.9700515,1
-107.3666687,64,1
-88.67423439,81.0141745,1
-103.3965053,71.5554791,1
-119.2574055,71.8822569,1
-109.3666687,60,1
-119.1942789,58.80218633,1
-111.4902349,69.7460826,1
-113.4871373,51.46185822,1
-111.3666687,53,1
-93.91883063,33.20236746,1
-122.269111,63.50827664,1
-95.31282272,52.61562634,1
-112.3666687,49,1
-129.6106303,52.33912709,1
-106.7766113,54.30083696,1
-132.1335794,41.79678801,1
-116.3666687,34,1
-117.0719137,38.49343817,1
-105.0671455,32.1832709,1
-98.60396537,17.11224039,1
-117.3666687,24,1
-97.85384023,37.72114632,1
-119.3700441,35.2982322,1
-134.2527611,9.344482115,1
-119.3666687,19,1
-110.4851187,30.72240393,1
-119.3666687,12,1
-125.1323561,31.31082042,1
-105.3466168,4.236046985,1
-120.9124086,30.1602965,1
-119.3666687,3,1
-115.2383131,20.34856258,1
-127.8512016,6.37629264,1
-108.9793257,-4.54275335,1
-120.3666687,-6,1
-131.2710363,13.91420164,1
-123.7200312,-22.8293247,1
-134.4124633,-15.56620977,1
-120.3666687,-10,1
-111.0379309,-27.08288502,1
-132.2732769,-11.27472724,1
-120.3666687,-13,1
-118.6912791,-1.428340095,1
-115.0017899,-4.360680258,1
-122.7279842,3.944543319,1
-120.3666687,-15,1
-130.40011,-13.89345932,1
-126.2795906,-28.61988527,1
-124.6039951,-24.58366807,1
-120.3666687,-23,1
-115.3052588,-41.90286979,1
-110.4155468,-29.36570017,1
-120.3666687,-28,1
-133.4253616,-46.99016561,1
-132.8836356,-16.75727462,1
-118.3666687,-38,1
-123.3252874,-19.40442839,1
-123.07539,-42.29870659,1
-132.0153519,-25.64753847,1
-114.3666687,-50,1
-119.9355501,-44.42876973,1
-121.2228864,-55.36437004,1
-129.7891989,-32.49470315,1
-112.3666687,-56,1
-99.27454011,-56.54054535,1
-121.0210467,-48.54838342,1
-111.3046938,-55.09005583,1
-109.3666687,-62,1
-100.9457641,-79.15038535,1
-128.0327701,-61.43481922,1
-102.5617998,-76.17759003,1
-105.3666687,-69,1
-122.1338154,-86.59696468,1
-105.8759877,-73.09862841,1
-121.5140109,-79.37310218,1
-103.3666687,-74,1
-92.72532278,-61.32050511,1
-86.01811067,-81.24721532,1
-100.26089,-77.14664935,1
-101.3666687,-77,1
-89.94975243,-69.54104875,1
-100.4273529,-83.24092863,1
-120.2670423,-93.09081873,1
-98.3666687,-80,1
-100.5152392,-75.64307111,1
-118.0079994,-90.51273848,1
-83.91903253,-82.76152287,1
-89.3666687,-85,1
-82.63806786,-101.2682696,1
-84.32731758,-66.92857046,1
-75.40312733,-88.45411939,1
-76.3666687,-88,1
-79.2918516,-103.8637584,1
-76.81636679,-82.77795215,1
-69.90124167,-88.99683368,1
-68.3666687,-89,1
-83.932448,-105.1952249,1
-65.61862365,-102.6698883,1
-70.08573886,-78.6796768,1
-60.3666687,-92,1
-42.86183809,-80.90833984,1
-43.73251128,-76.0172942,1
-57.0447624,-92.93451554,1
-56.3666687,-92,1
-49.80297532,-109.226547,1
-70.49042635,-78.62444618,1
-75.10811838,-102.0031412,1
-39.3666687,-93,1
-36.00915064,-109.7960295,1
-56.35208618,-79.82785365,1
-42.86337514,-99.32099723,1
-16.3666687,-96,1
-18.80223246,-78.87561084,1
-26.8045692,-85.56593507,1
0.174575201,-107.6791977,1
7.633331299,-96,1
8.023065507,-92.29393139,1
23.52795873,-107.8977179,1
-1.457219565,-104.2064761,1
16.6333313,-96,1
10.15557758,-87.98830712,1
24.59365374,-85.32395467,1
16.10136903,-82.98662703,1
21.6333313,-96,1
9.601268806,-109.3704358,1
14.14857763,-114.9440255,1
11.75163532,-83.66414019,1
28.6333313,-96,1
39.63545349,-109.7652027,1
12.82923724,-99.14681654,1
31.60044316,-94.390757,1
32.6333313,-96,1
38.41503271,-102.535766,1
32.48946005,-90.57614433,1
17.76198775,-95.36895294,1
37.6333313,-94,1
21.85401621,-96.57166,1
20.55518042,-80.40420307,1
55.6666017,-80.46468586,1
39.6333313,-93,1
49.43361321,-77.27756142,1
22.05426114,-90.57322911,1
32.97494728,-73.84737262,1
43.6333313,-91,1
62.80545723,-75.65943872,1
48.49346698,-86.76432855,1
40.85566278,-110.4800419,1
50.6333313,-88,1
66.25544816,-68.78720712,1
58.73467101,-86.07434655,1
55.0834371,-68.67130904,1
55.6333313,-86,1
55.95698821,-98.4098301,1
52.42941894,-97.20305393,1
69.61401307,-73.01086077,1
63.6333313,-82,1
58.46479651,-87.35686469,1
66.04096207,-96.53697792,1
57.06122282,-84.76947218,1
68.6333313,-78,1
49.19833202,-96.61050726,1
82.143448,-76.04385357,1
83.88487909,-72.14932165,1
73.6333313,-74,1
66.00824172,-59.25390171,1
73.29764439,-65.89414173,1
74.21907274,-88.90206651,1
80.6333313,-67,1
80.19737688,-77.1398321,1
81.44870562,-79.31012884,1
72.88887913,-47.35679089,1
87.6333313,-60,1
106.5376006,-64.55258604,1
99.03525632,-44.61086492,1
71.47950904,-58.23688477,1
93.6333313,-50,1
94.15172502,-33.74757927,1
90.47220584,-65.7813979,1
103.7829939,-43.7289557,1
98.6333313,-37,1
91.08559885,-38.00111097,1
96.03593093,-26.02834311,1
83.46320879,-32.20752988,1
104.6333313,-25,1
94.80462846,-31.60046726,1
100.758265,-29.91641844,1
95.40552641,-43.8053483,1
106.6333313,-20,1
115.4275095,-26.50873337,1
97.08277582,-10.55558372,1
92.98163675,-16.93167898,1
108.6333313,-14,1
99.04519617,-8.881643805,1
120.2264382,-13.67438919,1
128.0147057,4.311522296,1
111.6333313,-4,1
103.1308861,6.917578266,1
110.947486,0.286174891,1
131.0609778,-13.07165691,1
114.6333313,10,1
128.5438019,23.7944463,1
119.1962177,17.91956028,1
110.7031061,6.293112807,1
115.6333313,15,1
129.099152,26.06354929,1
103.833626,30.65228646,1
106.3732969,15.44502435,1
115.6333313,22,1
104.8659995,15.79933393,1
95.86289512,25.47977728,1
117.7370311,38.32685403,1
116.6333313,30,1
125.2661003,20.79569081,1
113.7154215,32.63688488,1
97.55507448,22.56201099,1
117.6333313,37,1
111.9930015,24.44033172,1
126.4330942,54.3112766,1
104.7297909,18.72094532,1
117.6333313,38,1
119.9345338,22.47140305,1
124.0966497,37.16183363,1
125.1695815,55.34924023,1
117.6333313,44,1
133.4497436,36.94433421,1
101.7444178,38.03671977,1
132.9229807,24.98865876,1
117.6333313,57,1
98.3290265,44.39001109,1
99.80904354,50.83717768,1
134.4996135,41.67907476,1
117.6333313,63,1
102.1591978,78.05852948,1
128.1798789,54.72601326,1
114.6333313,78,1
111.9829824,90.29898375,1
127.7423646,86.72108325,1
105.8899932,89.3718059,1
106.6333313,94,1
90.15955986,101.9233849,1
100.6861864,109.9783642,1
114.1424722,111.0690356,1
95.6333313,108,1
85.18002881,91.67939656,1
88.61426037,110.2043005,1
89.49192218,108.9760004,1
86.6333313,116,1
105.2700269,109.0584494,1
74.88419497,134.4992621,1
78.49656016,133.1292214,1
82.6333313,117,1
64.34556549,101.0073172,1
86.63911132,110.0062576,1
92.78735865,117.1299482,1
76.6333313,118,1
91.54756665,118.1723664,1
85.51036904,110.854834,1
70.28922126,102.4920665,1
67.6333313,120,1
86.60987946,106.1642135,1
48.61937264,124.3841235,1
77.69337784,111.6071301,1
61.6333313,120,1
50.40637765,112.8227011,1
79.1557242,116.7554613,1
46.3944919,120.7616494,1
50.6333313,121,1
36.87087359,105.8544276,1
40.94406477,116.9230091,1
62.523242,110.7813567,1
42.6333313,122,1
40.71991356,107.4931531,1
41.18918157,104.1315438,1
52.10663744,104.4628279,1
31.6333313,122,1
15.70089092,126.5014144,1
14.6333313,122,1
12.64025152,119.4791865,1
-0.890288956,126.8823394,1
10.25908549,128.544516,1
11.6333313,122,1
9.667608417,117.2699033,1
27.28157991,108.5259223,1
9.633331299,122,1
-7.689974663,128.1745517,1
1.044036228,112.4919493,1
6.633331299,122,1
-6.304385523,128.5350969,1
10.8378551,103.4894453,1
24.17745768,120.3568868,1
3.633331299,122,1
10.63726443,119.5186762,1
4.756929538,118.1414882,1
-5.366668701,122,1
-5.51553428,128.5363953,1
6.001657651,114.1281376,1
-13.76804236,133.8398789,1
-14.3666687,122,1
2.524362516,110.9716219,1
-22.39756193,126.3478661,1
-29.3666687,122,1
-12.68495719,119.0736671,1
-47.82089884,105.6344192,1
-29.50333109,120.7167531,1
-35.3666687,122,1
-49.33008369,104.0672312,1
-34.8841033,127.6013018,1
-23.69474862,112.5973925,1
-38.3666687,122,1
-37.83305185,103.3199524,1
-54.92535861,106.226608,1
-38.3666687,122,1
-30.33124859,111.0162799,1
-47.6489457,105.5663834,1
-48.43267557,115.279621,1
-98.3666687,-68,1
-96.99837836,-58.12737116,1
-101.3577927,-68.17678332,1
-108.3537847,-71.71673661,1
-87.3666687,-74,1
-92.88646246,-69.02942324,1
-71.49034176,-63.31256773,1
-69.42423377,-86.62902832,1
-80.3666687,-77,1
-79.25635856,-77.73414773,1
-97.61493627,-81.01472563,1
-82.39926909,-90.44364216,1
-74.3666687,-79,1
-58.05255189,-72.8882564,1
-73.10247587,-82.86634498,1
-75.25959393,-87.69379806,1
-70.3666687,-82,1
-56.77296176,-63.73360965,1
-86.97119863,-68.07216419,1
-52.77951524,-93.58927728,1
-64.3666687,-84,1
-67.68651566,-100.3543038,1
-82.39251551,-99.96455339,1
-84.13932841,-86.95553675,1
-58.3666687,-85,1
-73.44328143,-77.55018404,1
-41.54456155,-80.32690745,1
-73.15217772,-68.2731648,1
-45.3666687,-87,1
-31.07883488,-83.21439137,1
-38.47980851,-92.39459366,1
-57.77613339,-103.1462019,1
-39.3666687,-89,1
-49.13724163,-100.2760082,1
-47.28419144,-72.81895758,1
-28.42959567,-76.06944187,1
-33.3666687,-91,1
-30.64166129,-104.4986344,1
-50.73789503,-107.4591067,1
-24.46542341,-95.2827715,1
-29.3666687,-91,1
-35.40300245,-91.72760215,1
-47.59348312,-75.25507957,1
-16.89042605,-100.0649218,1
-24.3666687,-92,1
-27.36445588,-101.0082831,1
-31.83857337,-105.3343052,1
-9.410973949,-103.5545016,1
-16.3666687,-93,1
-2.095194501,-102.919911,1
-3.010465391,-94.68066075,1
-8.550488198,-102.4083256,1
-11.3666687,-93,1
-24.31994343,-112.4887827,1
-16.75447519,-90.3548167,1
-27.81751795,-95.34290637,1
-4.366668701,-94,1
-14.70488566,-79.98720044,1
-23.03492874,-74.0760552,1
9.88697293,-112.4470606,1
1.633331299,-94,1
10.60844929,-87.52234997,1
17.301431,-84.22664682,1
8.771827856,-85.56445454,1
6.633331299,-94,1
-2.494522565,-76.9883055,1
24.91367898,-106.5154129,1
25.19496596,-76.94242466,1
13.6333313,-94,1
31.4442897,-111.5342007,1
25.50228545,-78.27684693,1
21.32737408,-74.66985473,1
15.6333313,-94,1
21.24793925,-98.71632474,1
9.124566862,-113.384873,1
16.73286796,-112.7456467,1
18.6333313,-94,1
31.93054962,-82.20436251,1
9.680653378,-93.40221816,1
35.26250744,-90.17929397,1
21.6333313,-94,1
28.72952175,-105.4129277,1
23.11785275,-83.82863852,1
2.383971505,-109.3373696,1
28.6333313,-94,1
35.90743791,-85.53586131,1
23.39120179,-109.1551391,1
28.39550836,-97.73308321,1
26.6333313,-94,1
44.27525194,-105.9769608,1
24.20476225,-75.72439537,1
20.56835897,-100.2144077,1
78.6333313,107,1
83.03924622,107.2418588,1
82.03129695,106.5394833,1
92.99002357,125.4225374,1
82.6333313,105,1
79.38587766,98.68217254,1
77.94641257,104.3702265,1
70.31578797,95.27316262,1
86.6333313,103,1
86.40394446,118.587451,1
78.35803137,114.947006,1
79.21165308,93.65079395,1
90.6333313,99,1
79.24245088,91.85987836,1
86.01466806,82.7830015,1
104.7761254,105.6601879,1
94.6333313,97,1
82.88530675,83.50588506,1
99.95776155,95.61958334,1
110.0456078,77.20585006,1
98.6333313,93,1
97.47446738,96.88932226,1
108.3989016,78.90141936,1
111.0841153,75.2815526,1
101.6333313,90,1
100.1622129,75.38411697,1
107.3138214,95.76005507,1
86.11440117,94.85561592,1
105.6333313,85,1
87.62013183,99.95878552,1
87.98716758,99.15015961,1
87.14021787,84.21479507,1
108.6333313,77,1
104.6014567,77.07751607,1
107.5893892,83.02446701,1
114.3042853,89.01926061,1
110.6333313,70,1
107.3457087,59.17284801,1
105.9660329,80.03855174,1
101.4927991,72.72281,1
112.6333313,62,1
124.7434809,50.48789551,1
127.9649659,59.09026705,1
126.5421459,67.09282181,1
113.6333313,54,1
117.8691192,36.08200345,1
112.6497503,60.62971149,1
126.0680852,48.64660858,1
113.6333313,46,1
129.703913,36.56612152,1
116.0033305,60.56239407,1
101.520698,62.53691643,1
113.6333313,39,1
131.1706073,30.50495739,1
130.8342157,21.9168073,1
116.0785409,50.18156903,1
113.6333313,34,1
95.5525672,26.84880642,1
131.8721213,39.7010653,1
102.9122369,39.47497616,1
113.6333313,33,1
129.4704798,14.24002117,1
106.0105985,48.04759635,1
124.0013973,41.27528159,1
113.6333313,33,1
95.58552563,15.18172367,1
101.5725166,44.09887531,1
111.4467703,35.18916052,1
103.6333313,79,1
90.64582118,93.77303722,1
122.8758262,86.89225829,1
115.088824,81.75726735,1
89.6333313,119,1
103.5737891,105.2272309,1
85.62604385,116.8251703,1
82.6333313,131,1
67.96347841,122.3584961,1
73.82116927,122.8022674,1
80.38245728,131.6730633,1
74.68155838,123.2617004,1
91.73615674,131.4414199,1
52.75138217,132.4933418,1
-45.74429626,129.3795635,1
-16.65666652,133.5573754,1
-48.7118897,131.6131287,1
-33.85080528,122.004547,1
-31.79365113,123.1165875,1
-46.04350504,133.4186295,1
-29.14038101,125.2741329,1
-26.88825836,132.198226,1
15.6333313,121,1
14.56925927,123.4824892,1
1.84122242,131.6504848,1
34.92983635,126.1754248,1
-3.366668701,123,1
-15.67914338,116.1159282,1
-11.44844966,124.8206424,1
4.423672419,123.7849668,1
-12.3666687,124,1
-21.3666687,124,1
-26.92420254,122.8549205,1
-20.89130786,129.2449304,1
-21.81081468,113.8764708,1
-36.3666687,124,1
-20.0448121,133.1116307,1
-41.95803604,109.6906945,1
-18.97350692,130.439818,1
-52.3666687,120,1
-37.76918899,129.7673214,1
-32.53336374,119.361305,1
-72.30544207,121.626837,1
-69.3666687,113,1
-76.77683568,101.3945924,1
-68.48064947,111.976653,1
-83.39877321,114.1954575,1
-80.3666687,108,1
-68.81682884,121.3180797,1
-98.87002879,106.5432262,1
-80.21507805,114.3150788,1
-89.3666687,102,1
-77.57309475,88.08827047,1
-106.1057321,113.2219548,1
-82.55596827,97.30959568,1
-98.3666687,91,1
-116.2548714,92.17270034,1
-98.76694301,103.0599432,1
-100.1169869,93.28423573,1
-109.3666687,70,1
-114.5018681,84.67037897,1
-124.9038203,78.23127212,1
-89.85975226,66.31278654,1
-117.3666687,53,1
-123.4075682,48.94212755,1
-108.3732368,65.32941558,1
-106.8932377,37.70038378,1
-122.3666687,34,1
-120.9753955,34.02407005,1
-108.7873651,26.54357945,1
-125.3666687,19,1
-124.6651763,3.99575939,1
-116.8916767,14.95954389,1
-127.3666687,9,1
-112.5244547,1.164811252,1
-129.3666687,0,1
-115.3643087,-0.524458757,1
-130.3666687,-14,1
-115.6736635,-29.77196683,1
-112.2329409,-7.183462633,1
-128.3666687,-27,1
-132.4976738,-19.9629449,1
-126.3666687,-33,1
-118.8983432,-43.63877438,1
-119.88573,-22.91585822,1
-125.3666687,-38,1
-132.4694289,-29.65566576,1
-121.0118752,-30.9101119,1
-124.5549841,-37.09401054,1
-122.3666687,-46,1
-123.5191789,-58.9260389,1
-107.3945465,-45.38067419,1
-102.8794869,-49.0165887,1
-122.3666687,-49,1
-123.558957,-52.22613054,1
-120.3666687,-53,1
-102.2556158,-66.72431937,1
-130.3973406,-53.46205306,1
-115.9158058,-45.84720025,1
-114.3666687,-64,1
-110.1503304,-68.95245606,1
-133.2424779,-45.15368036,1
-130.3746753,-69.64168601,1
-106.3666687,-73,1
-87.52554568,-60.80255077,1
-117.8352438,-56.23145212,1
-118.9382909,-86.79568043,1
-102.3666687,-75,1
-111.2735212,-75.02349637,1
-99.30665789,-73.8623837,1
-113.4060105,-89.79536232,1
-91.3666687,-79,1
-104.370853,-82.07581419,1
-97.0123252,-63.91835164,1
-94.21290757,-68.7778704,1
-82.3666687,-84,1
-69.00534653,-101.4361076,1
-67.04905397,-79.65228781,1
-88.34937806,-98.63821074,1
-76.3666687,-86,1
-63.66937228,-92.01589583,1
-67.39450935,-81.47420504,1
-58.14541054,-92.21728112,1
-73.3666687,-88,1
-85.42089582,-77.32192716,1
-61.87052458,-71.35458511,1
-81.62353932,-70.92789139,1
-67.3666687,-90,1
-72.18806065,-108.5521611,1
-86.58277396,-104.9997022,1
-58.68686317,-101.8823504,1
-56.3666687,-93,1
-73.4894519,-97.26080374,1
-57.54703962,-92.65292357,1
-43.60010974,-92.64235233,1
-40.3666687,-96,1
-49.98562301,-110.8369943,1
-28.36901539,-99.93121057,1
-47.38204659,-83.43462627,1
-19.3666687,-97,1
-4.656696928,-89.96259859,1
-20.0588761,-82.93391763,1
-0.980233458,-81.2779213,1
-4.366668701,-98,1
-14.11325103,-79.24599514,1
-15.08490164,-101.6536431,1
7.33079256,-82.93173888,1
8.633331299,-98,1
15.47084644,-110.2435254,1
5.040639377,-104.4097521,1
20.04345702,-97.89365554,1
18.6333313,-98,1
18.76664,-116.2167437,1
14.16518135,-106.3056855,1
28.60177146,-80.70281099,1
23.6333313,-98,1
34.36238522,-106.5550076,1
11.62867718,-116.6510271,1
14.99041525,-113.1105161,1
35.6333313,-98,1
54.25160897,-85.24249052,1
40.17150621,-102.7773218,1
15.90263063,-92.91630772,1
46.6333313,-96,1
55.23633863,-90.59525606,1
37.70995823,-87.25777637,1
45.87090167,-98.53777492,1
55.6333313,-94,1
71.69774416,-93.81353374,1
37.17712289,-85.36392823,1
45.5252214,-113.4258896,1
65.6333313,-91,1
46.65379931,-98.21215723,1
53.61496615,-76.1904169,1
76.70979908,-88.90231396,1
75.6333313,-85,1
69.87875497,-88.81451439,1
92.75164231,-70.63338126,1
93.5430631,-68.03648828,1
85.6333313,-75,1
103.7576174,-63.82888614,1
70.23414228,-66.5397998,1
89.6966165,-77.48803767,1
95.6333313,-60,1
78.08694302,-46.6742108,1
93.56738891,-41.95672074,1
112.1715225,-74.72079693,1
102.6333313,-47,1
88.44641662,-61.51955796,1
98.91604017,-55.53348159,1
95.84656154,-54.70404887,1
106.6333313,-37,1
97.34078312,-35.12982715,1
116.0809385,-37.01474374,1
122.8186661,-39.8044955,1
108.6333313,-31,1
116.3716336,-46.61459192,1
109.8668833,-23.32327271,1
120.6363586,-25.33802231,1
109.6333313,-28,1
102.3859077,-17.75693832,1
122.6576019,-13.58127477,1
111.8161737,-11.3119573,1
110.6333313,-25,1
95.82813949,-24.9020641,1
96.4765888,-13.50621426,1
122.1681692,-7.750687605,1
112.6333313,-20,1
94.78043944,-35.08597374,1
106.5865832,-30.75509469,1
128.5673492,-9.018754203,1
114.6333313,-15,1
119.8839684,-26.64479111,1
134.2844541,-16.88742407,1
108.9941885,-19.25821632,1
116.6333313,-9,1
124.9228063,-3.953859086,1
127.8194362,-6.027278999,1
97.94356297,-9.294065872,1
116.6333313,-5,1
101.9394186,-13.73433085,1
114.0213732,-16.39603178,1
117.6333313,-2,1
100.9076061,3.294806043,1
117.3835781,0.500990785,1
117.6333313,0,1
124.4884433,14.68808396,1
97.97700205,6.955084488,1
123.9732403,-2.637112355,1
117.6333313,0,1
133.1155956,-19.7986773,1
-32.3666687,29,0
-26.38619139,32.16210216,0
-15.47264477,28.34903975,0
-15.10635256,35.85124553,0
-32.3666687,28,0
-36.18691733,11.99815247,0
-26.75873587,43.96953054,0
-35.1881813,22.01387414,0
-33.3666687,26,0
-25.05416163,43.09133926,0
-43.84640797,32.81375041,0
-20.46667047,10.68344229,0
-34.3666687,23,0
-29.54612923,22.40400457,0
-35.78052669,15.09476395,0
-40.93610457,7.974232557,0
-34.3666687,14,0
-40.83777317,8.402943837,0
-15.07099721,8.906838104,0
-52.91582218,-3.840752597,0
-34.3666687,7,0
-40.33448962,-0.724842148,0
-26.83695931,10.19758546,0
-37.91608372,-10.22440437,0
-34.3666687,5,0
-16.78141036,5.898776184,0
-32.2971887,-10.41642778,0
-38.33067389,23.11754087,0
-34.3666687,4,0
-27.96328073,1.563497572,0
-19.86145893,16.97621266,0
-14.4110869,-9.997178306,0
-33.3666687,1,0
-39.47644481,-14.23873231,0
-25.4497451,17.32595788,0
-48.6035902,9.089082231,0
-29.3666687,-3,0
-27.71591574,-6.568866975,0
-11.29211338,13.21691314,0
-48.28650624,-22.64314997,0
-20.3666687,-8,0
-16.80654258,-9.883366989,0
-33.2496467,3.149849279,0
-8.831140777,7.252487523,0
-16.3666687,-9,0
-15.86452855,-19.93729355,0
-2.566784258,-13.62394921,0
-33.28306342,10.86377906,0
-1.366668701,-10,0
-20.34723253,-14.10578083,0
-16.83405838,-15.37108942,0
-2.107940301,-23.3226819,0
9.633331299,-8,0
20.8596736,-9.789670372,0
-7.809954897,-5.701657448,0
18.88832147,-5.474612189,0
18.6333313,-3,0
27.53141375,-2.491769703,0
23.88262928,6.544653534,0
21.1854404,13.17011905,0
26.6333313,4,0
22.16719389,13.28346173,0
16.22527401,3.213374137,0
8.426768495,10.50396742,0
31.6333313,16,0
48.26510439,9.247952622,0
50.1145177,20.10364719,0
21.9278153,14.68863934,0
31.6333313,21,0
29.704836,9.68096523,0
50.15115987,13.84066437,0
30.27467757,25.16819834,0
32.6333313,26,0
43.84195951,31.64147865,0
18.03212639,42.11108555,0
15.1551124,36.56544633,0
30.6333313,31,0
45.29207259,42.90751646,0
37.79908915,19.56949978,0
48.54840596,16.22115213,0
22.6333313,40,0
31.63913865,47.83682106,0
9.25602483,56.99711593,0
14.91119339,58.15888891,0
12.6333313,48,0
0.558145584,31.57996396,0
30.34811127,67.16790338,0
8.914101774,52.40048697,0
6.633331299,52,0
-6.836862286,54.14494685,0
10.58341711,70.79802211,0
3.238953992,63.66978594,0
-4.366668701,54,0
-5.848696415,50.63411904,0
3.505930076,70.89065386,0
-10.17712468,47.75562421,0
-12.3666687,54,0
-5.451811424,66.51674776,0
-8.501066151,55.30582525,0
-16.82887029,44.58386229,0
-22.3666687,51,0
-27.55911197,53.05366901,0
-23.86842028,52.66327286,0
-34.25075369,53.74713298,0
-26.3666687,49,0
-21.28314298,49.93647101,0
-35.86076028,30.24528194,0
-8.153295257,41.96865607,0
-28.3666687,47,0
-24.05616769,65.00596841,0
-21.51369005,38.6635618,0
-31.52752297,57.779922,0
-31.3666687,41,0
-25.1516955,36.31949284,0
-47.98506172,60.95250748,0
-30.56937269,38.11548341,0
-35.3666687,32,0
-55.25653609,33.72232493,0
-51.8407066,42.4712521,0
-42.15889758,46.42279839,0
-35.3666687,22,0
-19.14756339,41.11837072,0
-48.04321053,37.69519907,0
-48.06577363,6.558081919,0
-33.3666687,9,0
-32.1707603,7.77112923,0
-22.79339971,-4.593762197,0
-28.9986553,20.33013205,0
-29.3666687,1,0
-29.76084182,10.51484296,0
-17.88780898,12.66772103,0
-33.51050479,18.0221201,0
-22.3666687,-2,0
-2.927930546,12.65875219,0
-11.09234432,-9.40168512,0
-4.312177271,8.68551171,0
-10.3666687,-5,0
-26.92256701,-3.73598263,0
-28.83022333,11.91969314,0
7.705859271,9.480450583,0
1.633331299,-6,0
15.4856989,-22.20862366,0
-11.94685548,-15.4852691,0
2.358176883,-20.20312628,0
13.6333313,-5,0
24.41588022,-18.5596807,0
13.75014277,-5.008837699,0
27.64350358,-21.98757829,0
22.6333313,2,0
4.652157707,-4.473280358,0
38.50648241,-11.31583522,0
10.78730071,-8.729560877,0
27.6333313,14,0
15.85100271,33.92466582,0
15.18149986,30.67626862,0
26.31726872,15.57031637,0
28.6333313,19,0
23.4110867,23.65168262,0
10.55906167,38.51606425,0
8.875167719,26.86318017,0
27.6333313,24,0
25.36015426,17.58710251,0
33.74622183,14.30333272,0
29.15924363,34.29827807,0
22.6333313,30,0
11.39187332,10.90232008,0
20.25299309,32.70581464,0
12.0042968,19.8616453,0
19.6333313,33,0
24.62592081,21.58834037,0
9.465297459,33.77023421,0
20.62765565,16.14702209,0
12.6333313,36,0
17.77056564,53.05682939,0
25.30483339,31.46971229,0
21.77996665,22.67069252,0
8.633331299,36,0
-9.926373186,26.19525322,0
23.03913258,27.56493318,0
25.931693,50.36859728,0
3.633331299,35,0
-4.024838138,42.60998294,0
14.94285151,21.85084337,0
8.231092729,23.61226392,0
-4.366668701,26,0
-18.88992196,38.18861503,0
1.103797807,45.33838456,0
-6.469799447,21.79296682,0
-8.366668701,18,0
-13.78678176,8.296083246,0
10.65785371,12.92113998,0
-4.015196308,3.871393635,0
-10.3666687,12,0
-17.58591816,18.81508741,0
-0.554427328,-1.191798702,0
-9.877136625,-2.888349126,0
-11.3666687,7,0
-14.01689578,-6.282463705,0
1.30723155,-5.429799881,0
-22.95563196,-0.939688037,0
-9.366668701,-2,0
-15.61949185,2.856043151,0
-5.476052591,-20.60329514,0
-23.01353947,-6.860865764,0
2.633331299,-6,0
0.712749741,-5.207819476,0
19.87858026,12.24519935,0
-12.06277667,-14.22223986,0
17.6333313,3,0
35.44963692,1.314896332,0
2.649152798,-16.5421036,0
33.96337379,7.22186465,0
22.6333313,11,0
35.31535942,7.305424354,0
18.54933774,13.38086919,0
24.74813581,7.247282065,0
24.6333313,14,0
14.70090752,27.82153355,0
18.73172601,10.10110192,0
33.6275039,-0.481929944,0
23.6333313,21,0
11.24689213,11.79827808,0
28.7055368,3.523676185,0
37.31193682,2.357503318,0
13.6333313,30,0
24.39301382,17.47293152,0
11.93404854,36.5814674,0
26.26727742,46.40991243,0
3.633331299,33,0
8.498398484,38.9664529,0
0.339442624,48.53597116,0
21.94111373,42.3044144,0
-7.366668701,33,0
-26.30348926,19.79672405,0
-26.29417574,36.200805,0
-11.8789141,26.6255296,0
-8.366668701,33,0
-7.680321887,34.98762095,0
-2.405376791,34.97054136,0
-15.62051564,24.84794559,0
-13.3666687,30,0
-30.54971699,32.5907799,0
2.327504937,25.00160762,0
-4.82001772,20.40071445,0
-20.3666687,25,0
-3.946102446,41.86282121,0
-6.757030743,37.23167823,0
-4.812241686,22.33647516,0
-26.3666687,16,0
-11.46147801,28.05247871,0
-36.87206638,13.29614363,0
-11.17707698,5.491481933,0
-30.3666687,9,0
-25.34010178,13.52531619,0
-28.68905363,-0.189630558,0
-15.91655213,23.99240188,0
-33.3666687,-2,0
-26.20488017,-6.687095357,0
-21.74811484,-21.41481849,0
-18.38652952,-6.08630811,0
-34.3666687,-10,0
-41.32816225,-7.490690894,0
-44.6720967,6.322216967,0
-23.17703228,4.393142351,0
-33.3666687,-20,0
-34.34317781,-5.613242968,0
-27.57423025,-23.88620893,0
-48.58427262,-8.357142774,0
-25.3666687,-30,0
-9.61002709,-15.07024441,0
-16.17633496,-43.0649408,0
-10.07400491,-33.19125291,0
-16.3666687,-35,0
-18.19678193,-43.27896678,0
-25.11357924,-23.29013717,0
-22.20636176,-23.43443244,0
-8.366668701,-37,0
-16.8921162,-24.49830435,0
-5.07768738,-44.96754667,0
5.347046238,-39.71885616,0
2.633331299,-37,0
-7.221160229,-45.64943812,0
8.350188745,-26.06776518,0
-6.653161591,-49.35940515,0
11.6333313,-34,0
1.472864269,-46.63721292,0
-5.749582106,-34.21721459,0
14.89488437,-52.37022125,0
17.6333313,-31,0
5.59089943,-30.05867767,0
10.6611549,-34.50556792,0
25.40406203,-34.84029956,0
25.6333313,-28,0
8.022449649,-13.3932131,0
31.99599132,-18.06238439,0
28.67349055,-23.1508359,0
32.6333313,-23,0
20.42145889,-31.81874866,0
45.99236572,-15.49983262,0
29.00310811,-10.39316309,0
39.6333313,-16,0
35.32303776,2.583405443,0
44.80306854,-25.50399397,0
23.93890603,-4.157863965,0
43.6333313,-9,0
27.50582446,-1.738370283,0
30.30997593,-4.753335795,0
55.2043196,-22.78380818,0
48.6333313,-1,0
58.01389147,3.443867335,0
60.88365255,7.059022547,0
56.89791572,11.16808935,0
49.6333313,9,0
34.62054945,-10.39314493,0
48.27362046,25.20620513,0
40.8200795,22.17100401,0
49.6333313,18,0
59.72561944,24.85635079,0
53.48177233,37.99459071,0
62.49857985,24.1082119,0
47.6333313,26,0
46.3936058,43.48932207,0
57.71502009,10.82407791,0
56.41044322,13.87854703,0
41.6333313,35,0
49.29271693,36.94753618,0
32.29674477,41.72934378,0
25.53395798,53.93420786,0
35.6333313,43,0
21.37638953,26.93713185,0
36.83088628,24.7765999,0
23.1861537,28.16383093,0
26.6333313,48,0
37.01190231,37.19256561,0
21.820344,44.13529183,0
19.04903273,66.13060828,0
21.6333313,53,0
9.355170585,38.47121185,0
37.05285027,51.92121403,0
5.784181117,40.35881932,0
15.6333313,56,0
11.59343789,71.23438862,0
7.236629897,65.76040703,0
10.42245709,43.1025477,0
6.633331299,58,0
7.419979841,43.17698441,0
-4.658669963,68.76967371,0
-3.336257247,67.09138625,0
1.633331299,58,0
-11.60790819,40.8524729,0
5.153433669,51.21243692,0
10.7371253,39.49825227,0
-5.366668701,55,0
-12.3198436,70.1559097,0
-13.68577256,47.17982934,0
-1.365451386,40.48411652,0
-13.3666687,49,0
-12.78482217,62.66330919,0
-17.78437682,55.8507068,0
-3.847726889,35.40511394,0
-19.3666687,44,0
-31.51166777,55.56292872,0
-24.41466384,61.23969361,0
0.434504249,33.71208797,0
-24.3666687,41,0
-31.08088995,41.24433115,0
-27.52378302,59.05714007,0
-37.42993799,59.02401808,0
-31.3666687,36,0
-15.83437299,35.37262047,0
-47.30438086,39.4024487,0
-11.81141866,25.53787391,0
-37.3666687,30,0
-35.57912606,17.72659071,0
-39.32724975,40.75174058,0
-37.79990964,26.74153905,0
-41.3666687,25,0
-56.01953388,5.361171073,0
-43.47884934,24.76706654,0
-44.89305765,34.43593504,0
-44.3666687,22,0
-36.87287512,40.16016236,0
-36.36254065,33.53782399,0
-48.4132388,28.92522898,0
-46.3666687,17,0
-45.07327347,-2.763172525,0
-31.84172397,-1.09467366,0
-31.82622192,24.54324428,0
-49.3666687,12,0
-29.71873987,3.059454685,0
-63.02406359,17.26401127,0
-48.76240645,19.3316059,0
-50.3666687,3,0
-62.65937147,10.68867345,0
-65.69063751,2.044049377,0
-48.96049705,10.49051931,0
-50.3666687,-5,0
-51.80320066,-24.41696779,0
-63.85276537,-10.38125412,0
-43.78594028,4.650208302,0
-50.3666687,-12,0
-38.3479219,-29.17131284,0
-64.45268746,-12.02111208,0
-47.13055208,-10.22204247,0
-47.3666687,-20,0
-62.13016304,-25.2781352,0
-64.59661135,-14.73467473,0
-40.59802102,-8.117955352,0
-42.3666687,-26,0
-44.95935116,-11.60517292,0
-41.77428742,-19.9972335,0
-40.15136742,-24.61271089,0
-37.3666687,-29,0
-32.66197059,-20.46454211,0
-40.00101778,-30.89843515,0
-20.78638328,-47.58708702,0
-29.3666687,-30,0
-9.506677561,-24.42348612,0
-23.09758828,-35.82211288,0
-43.30347606,-35.77925073,0
-26.3666687,-30,0
-24.59810584,-19.34648417,0
-21.7183379,-45.03861775,0
-41.15600163,-40.63908281,0
-18.3666687,-30,0
-35.11508873,-11.40379776,0
-33.17762456,-31.85789387,0
-7.96731099,-14.90825311,0
-10.3666687,-31,0
-11.30032721,-15.65215419,0
0.483608729,-33.84091871,0
-12.61613581,-16.38433997,0
-0.366668701,-29,0
13.5223115,-12.19550675,0
13.0888609,-46.55623589,0
-5.262147195,-15.70285997,0
8.633331299,-23,0
-3.287825027,-12.45390753,0
-0.406748813,-17.30249182,0
12.05708482,-37.76331974,0
17.6333313,-17,0
5.294240424,-16.54818412,0
13.6901566,-35.3718868,0
36.08417443,-6.385722104,0
25.6333313,-2,0
8.453985255,13.93225285,0
39.12343231,-18.18490875,0
27.03635054,10.97474902,0
27.6333313,6,0
40.30829499,2.18686962,0
16.96241082,15.52863982,0
16.30116154,18.78554442,0
27.6333313,11,0
42.28093361,-6.118534091,0
21.68342431,11.68320806,0
11.97105389,4.469908101,0
23.6333313,19,0
34.71507889,37.97030354,0
17.72803922,14.04228941,0
23.82549107,17.67966742,0
12.6333313,24,0
3.3760516,8.0974638,0
30.50706819,25.52283798,0
3.616829146,4.560025989,0
3.633331299,24,0
-3.168806832,15.77993102,0
-8.155896968,17.129568,0
14.19489088,42.84891264,0
-2.366668701,20,0
4.471623736,7.186861218,0
-17.19622146,36.16585934,0
-16.11053034,25.53869268,0
-6.366668701,14,0
0.296663016,-2.567651943,0
-16.7386994,17.67515537,0
8.01374106,2.231811353,0
-8.366668701,8,0
5.673519428,8.116629339,0
3.497382448,-1.858127129,0
-24.67258462,18.68145578,0
-8.366668701,5,0
-26.01243082,1.803803555,0
7.717861554,0.238292545,0
11.55544913,-13.24657565,0
-4.366668701,3,0
14.83384415,-9.763680114,0
-12.15299831,17.33586545,0
-14.62197739,22.51255636,0
0.633331299,3,0
14.81742816,1.015522632,0
12.10041713,-5.941756778,0
6.854867577,-14.65341767,0
3.633331299,3,0
-13.80509686,19.37205681,0
-9.152885977,0.760906727,0
-1.405718178,-13.93890673,0
4.633331299,5,0
22.39228812,-6.896924068,0
2.15899946,22.28119076,0
4.495896463,-7.805190731,0
5.633331299,5,0
-0.127287908,6.314658924,0
12.17742588,24.46640132,0
-7.017042853,3.026211178,0
5.633331299,5,0
-13.50137623,-12.77465563,0
-13.45163114,0.015515083,0
18.63429507,-6.581323767,0
